Date,Name,Signal,Prediction,Duration,Cumulative Value
2020-07-06,YRCW,24.642807088086826,0.11,Today to 3 days ahead,2.710708779689551
2020-07-06,IDEX,4.89238287357681,0.4,3 months,1.956953149430724
2020-07-06,CLSN,5.47440760989124,0.45,3 months,2.463483424451058
2020-07-06,CPST,6.717847120058254,0.45,3 months,3.023031204026214
2020-07-06,DPW,6.907852256006753,0.42,3 months,2.901297947522836
2020-07-06,USAK,7.248106426143709,0.39,3 months,2.8267615061960463
2020-07-06,AR,7.365312813313836,0.36,3 months,2.651512612792981
2020-07-06,FRAN,8.135271964216322,0.33,3 months,2.6846397481913864
2020-07-06,TUP,12.797764376925786,0.44,3 months,5.631016325847345
2020-07-06,YRCW,39.27085155900195,0.43,3 months,16.886466170370838
2020-07-06,NAT,-1.930273308593523,0.38,1 month,-0.7335038572655388
2020-07-06,ICAD,-1.5245134198326482,0.27,1 month,-0.411618623354815
2020-07-06,QUIK,-1.4534836500095476,0.31,1 month,-0.4505799315029598
2020-07-06,DVAX,4.641718909495965,0.37,3 months,1.7174359965135069
2020-07-06,DHX,-1.4214175611429263,0.29,1 month,-0.41221109273144857
2020-07-06,RRGB,-1.3824082565106366,0.29,1 month,-0.4008983943880846
2020-07-06,BGG,-1.3349067927627958,0.44,1 month,-0.5873589888156302
2020-07-06,FRO,-1.1963649627246968,0.21,1 month,-0.25123664217218633
2020-07-06,PHX,-1.1465017450572323,0.4,1 month,-0.45860069802289294
2020-07-06,DHT,-1.0273962737814846,0.14,1 month,-0.14383547832940785
2020-07-06,NTZ,2.9558905618122826,0.39,1 month,1.1527973191067902
2020-07-06,DVAX,2.9687604400838965,0.23,1 month,0.6828149012192962
2020-07-06,CLSN,3.570265832537764,0.29,1 month,1.0353770914359515
2020-07-06,IDEX,3.782791252228761,0.25,1 month,0.9456978130571903
2020-07-06,CPST,3.834166941424136,0.26,1 month,0.9968834047702755
2020-07-06,DPW,3.8388477265088183,0.28,1 month,1.0748773634224693
2020-07-06,USAK,4.587028206818113,0.24,1 month,1.1008867696363471
2020-07-06,ERII,-1.4145714968673464,0.17,1 month,-0.2404771544674489
2020-07-06,FRAN,7.114424514020317,0.26,1 month,1.8497503736452823
2020-07-06,FIT,-1.3633435167151458,0.46,3 months,-0.627138017688967
2020-07-06,BGG,-1.5190318676266295,0.53,3 months,-0.8050868898421136
2020-07-06,NAT,-258.49462321711536,0.74,year,-191.28602118066536
2020-07-06,MACK,-233.7381455511632,0.59,year,-137.9055058751863
2020-07-06,ICAD,-210.14865917588259,0.61,year,-128.19068209728837
2020-07-06,TELL,-177.38563531136472,0.53,year,-94.0143867150233
2020-07-06,CDE,-169.9492729259964,0.54,year,-91.77260738003807
2020-07-06,PHX,-146.03144356906094,0.53,year,-77.3966650916023
2020-07-06,ERII,-138.17165827580686,0.57,year,-78.7578452172099
2020-07-06,RRGB,-125.94567407385671,0.51,year,-64.23229377766692
2020-07-06,PTEN,-123.6923167646366,0.51,year,-63.08308154996467
2020-07-06,MHLD,446.9728162422456,0.53,year,236.89559260839016
2020-07-06,IMGN,458.3650677665715,0.74,year,339.1901501472629
2020-07-06,AR,459.99693483739657,0.52,year,239.19840611544623
2020-07-06,DHT,-1.4547704813324602,0.29,3 months,-0.42188343958641344
2020-07-06,CPST,495.00573957292914,0.6,year,297.0034437437575
2020-07-06,USAK,528.1448522094785,0.62,year,327.4498083698767
2020-07-06,GTT,595.4664485831515,0.63,year,375.1438626073855
2020-07-06,FRAN,693.152998679011,0.58,year,402.0287392338264
2020-07-06,TUP,739.5925604964125,0.57,year,421.56775948295507
2020-07-06,YRCW,2183.398557483552,0.66,year,1441.0430479391443
2020-07-06,NAT,-2.804305617941918,0.57,3 months,-1.598454202226893
2020-07-06,ICAD,-2.3704689057397843,0.42,3 months,-0.9955969404107093
2020-07-06,DHX,-2.3001993641468306,0.44,3 months,-1.0120877202246055
2020-07-06,FRO,-1.9101865395294089,0.39,3 months,-0.7449727504164695
2020-07-06,ERII,-1.874524192167772,0.32,3 months,-0.599847741493687
2020-07-06,PHX,-1.6945295791945891,0.47,3 months,-0.7964289022214568
2020-07-06,RRGB,-1.5576896861638998,0.4,3 months,-0.62307587446556
2020-07-06,DPW,521.3042341745563,0.66,year,344.06079455520717
2020-07-06,TUP,8.03660595789916,0.27,1 month,2.1698836086327735
2020-07-06,YRCW,33.428906698985145,0.26,1 month,8.691515741736138
2020-07-06,BGG,-1.611094405058546,0.33,14 days,-0.5316611536693202
2020-07-06,DVAX,1.0264044715716558,0.13,7 days,0.13343258130431526
2020-07-06,PRGX,1.4413592597326759,0.22,7 days,0.3170990371411887
2020-07-06,HIMX,1.7152155305801993,0.1,7 days,0.17152155305801994
2020-07-06,CPST,1.7640389919577428,0.15,7 days,0.2646058487936614
2020-07-06,USAK,1.8055781132742337,0.14,7 days,0.25278093585839273
2020-07-06,TUP,2.810804367859092,0.17,7 days,0.4778367425360457
2020-07-06,FRAN,3.7998210646184685,0.21,7 days,0.7979624235698783
2020-07-06,YRCW,27.33195630936441,0.15,7 days,4.099793446404662
2020-07-06,ERII,-1.5360684352485912,0.06,Today to 3 days ahead,-0.09216410611491546
2020-07-06,BGG,-1.058719180467045,0.18,Today to 3 days ahead,-0.1905694524840681
2020-07-06,IDEX,-0.9821697776418946,0.11,Today to 3 days ahead,-0.1080386755406084
2020-07-06,VKTX,-0.9256027062418752,0.13,Today to 3 days ahead,-0.12032835181144379
2020-07-06,OI,1.0128901787703466,0.24,7 days,0.24309364290488317
2020-07-06,PTEN,-0.6967452216202117,0.24,Today to 3 days ahead,-0.1672188531888508
2020-07-06,QUIK,-0.5204210526517237,0.1,Today to 3 days ahead,-0.05204210526517237
2020-07-06,BPT,-0.49871467983496853,0.13,Today to 3 days ahead,-0.06483290837854591
2020-07-06,RRGB,-0.45970035324157543,0.11,Today to 3 days ahead,-0.0505670388565733
2020-07-06,PBF,-0.45796033476678205,0.22,Today to 3 days ahead,-0.10075127364869205
2020-07-06,IMGN,0.8067067635310029,0.14,Today to 3 days ahead,0.11293894689434042
2020-07-06,PRGX,0.9114477671838979,0.14,Today to 3 days ahead,0.1276026874057457
2020-07-06,OI,0.9238914601336214,0.18,Today to 3 days ahead,0.16630046282405186
2020-07-06,AR,1.17494275831435,0.19,Today to 3 days ahead,0.2232391240797265
2020-07-06,USAK,1.3283896119089005,0.11,Today to 3 days ahead,0.14612285730997907
2020-07-06,CPST,1.3371254459588375,0.12,Today to 3 days ahead,0.1604550535150605
2020-07-06,HIMX,1.402969311796273,0.08,Today to 3 days ahead,0.11223754494370183
2020-07-06,TUP,2.1568621271735076,0.14,Today to 3 days ahead,0.3019606978042911
2020-07-06,CLMT,-0.6236461574593161,0.19,Today to 3 days ahead,-0.11849276991727005
2020-07-06,SPPI,0.9744412515235462,0.22,7 days,0.21437707533518016
2020-07-06,VGR,-0.7424666267127054,0.17,7 days,-0.12621932654115992
2020-07-06,PBF,-0.7946958750364747,0.25,7 days,-0.19867396875911866
2020-07-06,ERII,-1.5317292588778324,0.11,14 days,-0.16849021847656157
2020-07-06,QUIK,-1.521230769289654,0.21,14 days,-0.31945846155082736
2020-07-06,PTEN,-1.2047171073334693,0.36,14 days,-0.4336981586400489
2020-07-06,RRGB,-1.193898039713732,0.2,14 days,-0.2387796079427464
2020-07-06,NAT,-1.1729684412102237,0.27,14 days,-0.31670147912676044
2020-07-06,ICAD,-0.9685144078936823,0.17,14 days,-0.164647449341926
2020-07-06,DHX,-0.8979901484247543,0.2,14 days,-0.17959802968495087
2020-07-06,VGR,-0.8490089229226006,0.23,14 days,-0.19527205227219813
2020-07-06,X,-0.8384754612768076,0.3,14 days,-0.25154263838304225
2020-07-06,DPW,1.3893466451105516,0.2,14 days,0.2778693290221103
2020-07-06,DVAX,1.6298548695560409,0.18,14 days,0.29337387652008734
2020-07-06,IDEX,1.6328302391213494,0.18,14 days,0.29390944304184285
2020-07-06,PRGX,1.7416424388436496,0.3,14 days,0.5224927316530948
2020-07-06,HIMX,1.882032003629146,0.13,14 days,0.244664160471789
2020-07-06,CPST,2.231227400786735,0.19,14 days,0.42393320614947966
2020-07-06,USAK,2.5106133765527443,0.18,14 days,0.451910407779494
2020-07-06,TUP,4.078534501117989,0.2,14 days,0.8157069002235979
2020-07-06,FRAN,4.826970042284821,0.24,14 days,1.158472810148357
2020-07-06,YRCW,28.90835412873403,0.2,14 days,5.781670825746806
2020-07-06,ERII,-1.6271911390345244,0.08,7 days,-0.13017529112276197
2020-07-06,BGG,-1.5098256138834378,0.24,7 days,-0.3623581473320251
2020-07-06,QUIK,-1.1978922454527845,0.15,7 days,-0.17968383681791766
2020-07-06,PTEN,-1.1944203799203625,0.31,7 days,-0.3702703177753124
2020-07-06,VKTX,-0.9765892959924873,0.18,7 days,-0.1757860732786477
2020-07-06,RRGB,-0.929322296840883,0.15,7 days,-0.13939834452613245
2020-07-06,CLMT,-0.85412408521602,0.23,7 days,-0.1964485395996846
2020-07-06,NAT,-0.8256331260945747,0.2,7 days,-0.16512662521891497
2020-07-06,DHX,-318.0931684491972,0.7,year,-222.66521791443805
2020-07-06,FRAN,3.1696683175838967,0.17,Today to 3 days ahead,0.5388436139892625
2023-07-05,WKHS,1.659878758753614,0.25,Today to 3 days ahead,0.4149696896884035
2023-07-05,UPST,4.187836987048601,0.64,1 month,2.6802156717111045
2023-07-05,OC,1.5160834333994806,0.72,3 months,1.091580072047626
2023-07-05,SNAP,1.7432020274091091,0.79,3 months,1.3771296016531962
2023-07-05,ALGT,1.8661207029796267,0.73,3 months,1.3622681131751275
2023-07-05,ENTG,2.0072789923933176,0.71,3 months,1.4251680845992554
2023-07-05,GBX,2.6053066934067473,0.71,3 months,1.8497677523187905
2023-07-05,CLSK,4.749697835746439,0.73,3 months,3.4672794200949
2023-07-05,UPST,6.559410606820446,0.8,3 months,5.247528485456357
2023-07-05,SSTK,-0.0887723501768029,0.58,1 month,-0.051487963102545685
2023-07-05,ZIM,-0.08830713548091473,0.62,1 month,-0.05475042399816713
2023-07-05,ISTB,-0.009831281545286383,0.57,1 month,-0.005603830480813238
2023-07-05,BSCP,-0.004812975040746877,0.58,1 month,-0.0027915255236331885
2023-07-05,CPRI,0.009129780972322678,0.57,1 month,0.005203975154223926
2023-07-05,BOOT,1.465521706359414,0.72,3 months,1.055175628578778
2023-07-05,SIG,0.06578437981098229,0.63,1 month,0.04144415928091884
2023-07-05,ANGL,0.0863948010455091,0.63,1 month,0.054428724658670734
2023-07-05,FNDF,0.11587126327911637,0.59,1 month,0.06836404533467866
2023-07-05,PNC,0.1303933467745365,0.58,1 month,0.07562814112923118
2023-07-05,OC,0.9200164424902834,0.57,1 month,0.5244093722194615
2023-07-05,CZR,1.0007729672144572,0.59,1 month,0.5904560506565297
2023-07-05,LAD,1.0263443422189225,0.62,1 month,0.6363334921757319
2023-07-05,URI,1.1363066258076704,0.59,1 month,0.6704209092265255
2023-07-05,ALGT,1.264626216711706,0.6,1 month,0.7587757300270236
2023-07-05,SNAP,1.3277841723249786,0.65,1 month,0.8630597120112361
2023-07-05,CELH,1.7481673650788896,0.6,1 month,1.0489004190473337
2023-07-05,CLSK,2.900146625535244,0.58,1 month,1.6820850428104415
2023-07-05,OSTK,3.271866588697168,0.58,1 month,1.8976826214443574
2023-07-05,DIS,0.07060090097210985,0.61,1 month,0.043066549592987
2023-07-05,PNC,-26.21682241532712,0.85,year,-22.28429905302805
2023-07-05,CZR,1.4294257241507191,0.76,3 months,1.0863635503545466
2023-07-05,SONO,0.05411121573429579,0.8,3 months,0.043288972587436636
2023-07-05,FPE,-10.109393415887908,0.85,year,-8.59298440350472
2023-07-05,CNXC,-7.025503597686432,0.87,year,-6.112188129987196
2023-07-05,MMM,-5.742161461540453,0.86,year,-4.93825885692479
2023-07-05,SCHP,-0.8114610324427135,0.86,year,-0.6978564879007336
2023-07-05,MORN,8.694975356135213,0.86,year,7.477678806276283
2023-07-05,TNL,11.316944000434972,0.86,year,9.732571840374076
2023-07-05,DIS,11.979490511400138,0.88,year,10.541951650032122
2023-07-05,SE,202.25054554957455,0.86,year,173.9354691726341
2023-07-05,FOXF,204.0981701405808,0.85,year,173.48344461949367
2023-07-05,APG,207.2253557789215,0.85,year,176.14155241208329
2023-07-05,SAIA,207.64695785549395,0.85,year,176.49991417716984
2023-07-05,ALGT,218.2611605822454,0.86,year,187.70459810073103
2023-07-05,TREX,1.422060798262324,0.71,3 months,1.00966316676625
2023-07-05,DOCU,250.13442651344025,0.85,year,212.6142625364242
2023-07-05,COIN,448.96520150792355,0.84,year,377.13076926665576
2023-07-05,CLSK,495.1079625887596,0.84,year,415.89068857455806
2023-07-05,UPST,600.1490643083137,0.9,year,540.1341578774823
2023-07-05,ZIM,-0.42949379529353976,0.74,3 months,-0.3178254085172194
2023-07-05,SSTK,-0.34793034020908226,0.76,3 months,-0.26442705855890253
2023-07-05,VFC,-0.19416050643580482,0.71,3 months,-0.13785395956942142
2023-07-05,CNXC,-0.1481851444126024,0.77,3 months,-0.11410256119770384
2023-07-05,SIG,-0.041238740599744056,0.74,3 months,-0.0305166680438106
2023-07-05,GPS,-0.025046068530303663,0.75,3 months,-0.018784551397727747
2023-07-05,FPE,-0.01640245869295283,0.72,3 months,-0.011809770258926036
2023-07-05,PTON,0.012803684139895383,0.73,3 months,0.00934668942212363
2023-07-05,DIS,0.03158461359278598,0.78,3 months,0.024635998602373064
2023-07-05,ENTG,253.98850663006678,0.86,year,218.43011570185743
2023-07-05,HBI,-11.74308196539057,0.86,year,-10.09905049023589
2023-07-05,ISTB,-0.009831281545286383,0.44,14 days,-0.004325763879926009
2023-07-05,SPWR,0.037473849238174074,0.44,14 days,0.016488493664796593
2023-07-05,SHOP,0.5801875667512529,0.34,7 days,0.19726377269542603
2023-07-05,HBI,0.6009196982831503,0.33,7 days,0.1983035004334396
2023-07-05,FOXF,0.6091108689510848,0.35,7 days,0.21318880413287966
2023-07-05,SNAP,0.6503036516503915,0.4,7 days,0.2601214606601566
2023-07-05,CLSK,1.47209177955585,0.37,7 days,0.5446739584356645
2023-07-05,UPST,1.4757139859123642,0.36,7 days,0.5312570349284511
2023-07-05,OSTK,2.0021870169639384,0.41,7 days,0.8208966769552147
2023-07-05,WK,-0.04206632105222508,0.26,Today to 3 days ahead,-0.010937243473578521
2023-07-05,SNX,-0.029231034962443395,0.26,Today to 3 days ahead,-0.007600069090235283
2023-07-05,ISTB,-0.009831281545286383,0.25,Today to 3 days ahead,-0.0024578203863215957
2023-07-05,USIG,-0.0049572233565460515,0.24,Today to 3 days ahead,-0.0011897336055710524
2023-07-05,BSCP,0.0016043355714265698,0.28,Today to 3 days ahead,0.0004492139599994396
2023-07-05,URI,0.5651365696494786,0.35,7 days,0.19779779937731748
2023-07-05,DKS,0.013658886607019197,0.24,Today to 3 days ahead,0.0032781327856846072
2023-07-05,ST,0.016518893581761635,0.24,Today to 3 days ahead,0.0039645344596227925
2023-07-05,UMC,0.01858783187494927,0.3,Today to 3 days ahead,0.0055763495624847805
2023-07-05,FPE,0.02667641937420674,0.27,Today to 3 days ahead,0.00720263323103582
2023-07-05,URI,0.2976520010965225,0.25,Today to 3 days ahead,0.07441300027413063
2023-07-05,SHOP,0.30654686362678135,0.24,Today to 3 days ahead,0.07357124727042752
2023-07-05,FUL,0.3085182432287658,0.24,Today to 3 days ahead,0.0740443783749038
2023-07-05,FOXF,0.3333647323313369,0.26,Today to 3 days ahead,0.0866748304061476
2023-07-05,SNAP,0.3494168874539416,0.28,Today to 3 days ahead,0.09783672848710366
2023-07-05,PTON,0.4814185236600664,0.26,Today to 3 days ahead,0.12516881615161726
2023-07-05,UPST,0.8989276463042052,0.25,Today to 3 days ahead,0.2247319115760513
2023-07-05,CLSK,1.0820503678786593,0.27,Today to 3 days ahead,0.292153599327238
2023-07-05,OSTK,1.0887071440879952,0.32,Today to 3 days ahead,0.34838628610815847
2023-07-05,ANGL,0.015551064188191637,0.28,Today to 3 days ahead,0.004354297972693659
2023-07-05,BSCP,-0.0032086500271645848,0.47,14 days,-0.0015080655127673547
2023-07-05,ALGT,0.5377318198790954,0.39,7 days,0.2097154097528472
2023-07-05,SIX,0.051685200098988214,0.35,7 days,0.018089820034645872
2023-07-05,ANGL,0.05356477664821565,0.5,14 days,0.026782388324107825
2023-07-05,SNX,0.059171509464792306,0.48,14 days,0.028402324543100307
2023-07-05,NUS,0.06235900794796906,0.44,14 days,0.027437963497106387
2023-07-05,FNDF,0.06364759532233152,0.46,14 days,0.029277893848272504
2023-07-05,SSTK,0.08089357951657411,0.45,14 days,0.03640211078245835
2023-07-05,DIS,0.08546424854518558,0.47,14 days,0.04016819681623722
2023-07-05,BNS,0.08879638977629613,0.44,14 days,0.0390704115015703
2023-07-05,CZR,0.622858699874732,0.46,14 days,0.2865150019423767
2023-07-05,LAD,0.6511843837942028,0.51,14 days,0.33210403573504343
2023-07-05,HBI,0.7099473228661691,0.44,14 days,0.31237682206111445
2023-07-05,ALGT,0.7672774188788668,0.49,14 days,0.3759659352506447
2023-07-05,URI,0.7722862731153017,0.46,14 days,0.3552516856330388
2023-07-05,CELH,0.5321204136848905,0.39,7 days,0.2075269613371073
2023-07-05,SNAP,0.879365833425753,0.52,14 days,0.4572702333813916
2023-07-05,CLSK,1.8621331912330412,0.46,14 days,0.856581267967199
2023-07-05,UPST,2.20896896020146,0.49,14 days,1.0823947904987155
2023-07-05,OSTK,2.510633361300548,0.49,14 days,1.2302103470372685
2023-07-05,ISTB,-0.009831281545286383,0.34,7 days,-0.0033426357253973703
2023-07-05,BSCP,-0.0016043250135822924,0.37,7 days,-0.0005936002550254481
2023-07-05,SNX,0.009861918244132056,0.37,7 days,0.0036489097503288603
2023-07-05,UMC,0.027881747812423904,0.41,7 days,0.0114315166030938
2023-07-05,FPE,0.03452242507250285,0.34,7 days,0.01173762452465097
2023-07-05,WK,0.035182028835581323,0.37,7 days,0.01301735066916509
2023-07-05,ANGL,0.03801371246002401,0.38,7 days,0.014445210734809123
2023-07-05,SPWR,0.04059667000802191,0.35,7 days,0.014208834502807667
2023-07-05,FNDF,0.05059167833313532,0.35,7 days,0.01770708741659736
2023-07-05,CELH,0.8900632745419942,0.49,14 days,0.4361310045255771
2023-07-05,SSTK,-29.053776405987147,0.88,year,-25.56732323726869
2023-07-06,APPS,0.7368577013219739,0.33,Today to 3 days ahead,0.2431630414362514
2023-07-06,MARA,1.7026367747110032,0.27,Today to 3 days ahead,0.4597119291719709
2023-07-06,GME,-62.73862773127799,0.85,year,-53.32783357158629
2023-07-06,UAA,-36.051364342924856,0.86,year,-31.004173334915375
2023-07-06,AZTA,1.6604363374591353,0.76,3 months,1.261931616468943
2023-07-06,IBP,1.7606987244247778,0.7,3 months,1.2324891070973445
2023-07-06,FTCH,1.8033824643637815,0.75,3 months,1.3525368482728362
2023-07-06,MVIS,1.826824403179565,0.75,3 months,1.370118302384674
2023-07-06,XPO,2.2606703592579285,0.7,3 months,1.5824692514805498
2023-07-06,MSTR,3.9071072057319522,0.74,3 months,2.8912593322416447
2023-07-06,MARA,7.422685558323446,0.79,3 months,5.863921591075522
2023-07-06,FL,-0.4823695852658771,0.55,1 month,-0.26530327189623243
2023-07-06,UAA,-0.07775197839755567,0.61,1 month,-0.04742870682250896
2023-07-06,CPRI,-0.0708885137206874,0.57,1 month,-0.04040645282079181
2023-07-06,ZIM,-0.05969579572548299,0.62,1 month,-0.03701139334979945
2023-07-06,BSCP,-0.010727966917448603,0.58,1 month,-0.006222220812120189
2023-07-06,GS,0.012059449168066292,0.55,1 month,0.006632697042436461
2023-07-06,TGT,0.023888660074260222,0.55,1 month,0.013138763040843124
2023-07-06,PACB,0.04637594155882528,0.67,1 month,0.031071880844412942
2023-07-06,SAM,0.049191256075591355,0.66,1 month,0.032466229009890296
2023-07-06,ATR,0.049222071659974755,0.58,1 month,0.028548801562785355
2023-07-06,TRMB,0.9168225051772368,0.63,1 month,0.5775981782616593
2023-07-06,WIX,0.9688718810304234,0.58,1 month,0.5619456909976456
2023-07-06,MTZ,0.9765809094392623,0.6,1 month,0.5859485456635574
2023-07-06,AZTA,0.994597204643442,0.58,1 month,0.5768663786931963
2023-07-06,URI,1.173410679132685,0.59,1 month,0.6923123006882841
2023-07-06,APPS,1.5027431302717829,0.7,1 month,1.0519201911902478
2023-07-06,TWST,1.5122765371244378,0.56,1 month,0.8468748607896852
2023-07-06,FTCH,1.5253712522585874,0.6,1 month,0.9152227513551524
2023-07-06,TREX,1.6436013026655252,0.71,3 months,1.166956924892523
2023-07-06,APPS,1.632251453534433,0.78,3 months,1.2731561337568578
2023-07-06,MKSI,1.6085949200734617,0.7,3 months,1.126016444051423
2023-07-06,GS,-0.001918945151877391,0.69,3 months,-0.0013240721547953995
2023-07-06,CNXC,-15.217992028608144,0.87,year,-13.239653064889085
2023-07-06,KBWB,-8.639779105996421,0.84,year,-7.257414449036993
2023-07-06,PENN,-5.230146325194529,0.84,year,-4.393322913163404
2023-07-06,TGT,-5.028272126060164,0.85,year,-4.27403130715114
2023-07-06,SCHP,-0.42306306706351715,0.86,year,-0.36383423767462475
2023-07-06,BNS,0.2256578276884839,0.84,year,0.18955257525832644
2023-07-06,GS,0.29203550573478687,0.87,year,0.2540708899892646
2023-07-06,APG,218.10092767977056,0.85,year,185.38578852780498
2023-07-06,AZTA,224.15122548634926,0.88,year,197.25307842798736
2023-07-06,SWAV,262.10980580036295,0.85,year,222.7933349303085
2023-07-06,FIVN,262.7881849133884,0.84,year,220.74207532724625
2023-07-06,COIN,264.78284725581864,0.84,year,222.41759169488765
2023-07-06,OSTK,2.1174745965050317,0.57,1 month,1.206960520007868
2023-07-06,DOCU,265.3667445959365,0.85,year,225.561732906546
2023-07-06,MSTR,505.97657794096585,0.88,year,445.25938858804994
2023-07-06,MARA,619.8483957261371,0.9,year,557.8635561535234
2023-07-06,HUT,1047.791197936283,0.88,year,922.056254183929
2023-07-06,BILI,-0.8313409557139776,0.71,3 months,-0.5902520785569241
2023-07-06,ZIM,-0.5083187454200221,0.74,3 months,-0.3761558716108163
2023-07-06,UAA,-0.30795881639816153,0.74,3 months,-0.22788952413463953
2023-07-06,CNXC,-0.26723457164757874,0.77,3 months,-0.20577062016863565
2023-07-06,TGT,-0.07730312658694988,0.73,3 months,-0.05643128240847341
2023-07-06,GPS,-0.04014704553714593,0.75,3 months,-0.03011028415285945
2023-07-06,PENN,-0.0331113154011249,0.78,3 months,-0.025826826012877422
2023-07-06,SCHP,-0.013310599507384882,0.69,3 months,-0.009184313660095568
2023-07-06,AEO,-0.005879251642156373,0.78,3 months,-0.004585816280881971
2023-07-06,XPEV,318.3753159314749,0.84,year,267.4352653824389
2023-07-06,MARA,5.407898708248758,0.63,1 month,3.4069761861967174
2023-07-06,FL,-0.1670396443676889,0.43,14 days,-0.07182704707810622
2023-07-06,PACB,-0.08704734076388602,0.56,14 days,-0.04874651082777618
2023-07-06,URI,0.5271180785166358,0.35,7 days,0.18449132748082253
2023-07-06,FOXF,0.5714521913104225,0.35,7 days,0.20000826695864785
2023-07-06,EOSE,0.5723972600985221,0.32,7 days,0.18316712323152706
2023-07-06,TWST,0.5955519414836044,0.33,7 days,0.19653214068958944
2023-07-06,FTCH,0.6076882246901146,0.35,7 days,0.2126908786415401
2023-07-06,APPS,1.1231497689847054,0.46,7 days,0.5166488937329645
2023-07-06,OSTK,1.1768120898791905,0.41,7 days,0.48249295685046806
2023-07-06,MARA,2.8742130315954797,0.37,7 days,1.0634588216903276
2023-07-06,NLY,-0.11402068646916484,0.24,Today to 3 days ahead,-0.02736496475259956
2023-07-06,PACB,-0.08334319860372065,0.31,Today to 3 days ahead,-0.0258363915671534
2023-07-06,FL,-0.06988393284770657,0.24,Today to 3 days ahead,-0.016772143883449577
2023-07-06,SWK,-0.054719554561503125,0.29,Today to 3 days ahead,-0.015868670822835905
2023-07-06,SE,0.45818897211972015,0.44,7 days,0.20160314773267687
2023-07-06,UMC,-0.03890065194801443,0.3,Today to 3 days ahead,-0.01167019558440433
2023-07-06,ST,-0.01987954143796518,0.24,Today to 3 days ahead,-0.004771089945111643
2023-07-06,BNS,-0.01961156033277239,0.27,Today to 3 days ahead,-0.005295121289848545
2023-07-06,FCX,-0.017191699736088834,0.29,Today to 3 days ahead,-0.004985592923465761
2023-07-06,SCCO,-0.015592474696547629,0.26,Today to 3 days ahead,-0.004054043421102383
2023-07-06,BFH,0.21746603360261813,0.25,Today to 3 days ahead,0.05436650840065453
2023-07-06,URI,0.22230632007005946,0.25,Today to 3 days ahead,0.055576580017514865
2023-07-06,WIX,0.22432009068192077,0.25,Today to 3 days ahead,0.05608002267048019
2023-07-06,GPRE,0.24047452172854386,0.26,Today to 3 days ahead,0.06252337564942141
2023-07-06,FOXF,0.25703873665368393,0.26,Today to 3 days ahead,0.06683007152995782
2023-07-06,FTCH,0.2804714883185144,0.26,Today to 3 days ahead,0.07292258696281374
2023-07-06,SE,0.2919107161085314,0.32,Today to 3 days ahead,0.09341142915473005
2023-07-06,OSTK,0.5293686491262579,0.32,Today to 3 days ahead,0.16939796772040253
2023-07-06,USIG,-0.027727568403346073,0.24,Today to 3 days ahead,-0.006654616416803057
2023-07-06,HBI,-22.625994948893698,0.86,year,-19.45835565604858
2023-07-06,IBP,0.45732434400643573,0.32,7 days,0.14634379008205944
2023-07-06,BNS,0.014643229303291781,0.35,7 days,0.005125130256152123
2023-07-06,SAM,-0.01007349996551257,0.54,14 days,-0.005439689981376788
2023-07-06,BSCP,-0.006436780150469162,0.48,14 days,-0.0030896544722251976
2023-07-06,GS,0.0034455569051617977,0.42,14 days,0.001447133900167955
2023-07-06,UAA,0.004281096946810335,0.49,14 days,0.002097737503937064
2023-07-06,ATR,0.008203678609995794,0.44,14 days,0.0036096185883981494
2023-07-06,BNS,0.026624053278712336,0.44,14 days,0.011714583442633429
2023-07-06,CPRI,0.03038326238009987,0.47,14 days,0.014280133318646937
2023-07-06,ANGL,0.03972803653832309,0.5,14 days,0.019864018269161544
2023-07-06,AZTA,0.5409942954127508,0.45,14 days,0.24344743293573787
2023-07-06,SE,0.5561083895485313,0.56,14 days,0.31142069814717754
2023-07-06,WIX,0.598982369799597,0.46,14 days,0.2755318901078146
2023-07-06,FOXF,0.7435763453195856,0.43,14 days,0.3197378284874218
2023-07-06,SCCO,0.022603466428806493,0.36,7 days,0.008137247914370337
2023-07-06,URI,0.7608834872501004,0.46,14 days,0.3500064041350462
2023-07-06,TWST,0.9252324805191708,0.44,14 days,0.4071022914284352
2023-07-06,APPS,1.2883845262508453,0.58,14 days,0.7472630252254903
2023-07-06,OSTK,1.5546514230845494,0.49,14 days,0.7617791973114292
2023-07-06,MARA,3.749854801446852,0.48,14 days,1.799930304694489
2023-07-06,BILI,-0.097090914535939,0.32,7 days,-0.03106909265150048
2023-07-06,PACB,-0.09445562508421675,0.44,7 days,-0.041560475037055365
2023-07-06,FL,-0.07670187751577552,0.33,7 days,-0.025311619580205922
2023-07-06,UMC,-0.02652317178273711,0.41,7 days,-0.010874500430922215
2023-07-06,SAM,-0.02014699993102514,0.42,7 days,-0.00846173997103056
2023-07-06,BSCP,-0.0042911867669794415,0.38,7 days,-0.0016306509714521878
2023-07-06,SIX,,0.35,7 days,
2023-07-06,GS,0.0034455569051617977,0.32,7 days,0.0011025782096517752
2023-07-06,FTCH,0.8980008178619102,0.46,14 days,0.4130803762164787
2023-07-07,MARA,0.8203532565503756,0.27,Today to 3 days ahead,0.22149537926860144
2023-07-07,PEGA,0.37540659328184955,0.25,Today to 3 days ahead,0.09385164832046239
2023-07-07,WAL,-62.730949697994824,0.85,year,-53.3213072432956
2023-07-07,SCCO,-0.08253615524830568,0.36,7 days,-0.029713015889390043
2023-07-07,GS,-0.08807322970230522,0.32,7 days,-0.02818343350473767
2023-07-07,MT,-0.1335684046281129,0.35,7 days,-0.04674894161983951
2023-07-07,BNS,-0.1463975413415291,0.34,7 days,-0.0497751640561199
2023-07-07,SPWR,-0.30375031280928494,0.34,7 days,-0.10327510635515688
2023-07-07,STNE,-0.5255239323656766,0.34,7 days,-0.17867813700433008
2023-07-07,CLSK,4.5332061808726944,0.46,14 days,2.0852748432014394
2023-07-07,MARA,2.0605343561588847,0.48,14 days,0.9890564909562646
2023-07-07,CELH,1.1735454719375285,0.49,14 days,0.5750372812493889
2023-07-07,UPST,1.1657243459317688,0.49,14 days,0.5712049295065666
2023-07-07,SNAP,0.9315764595824745,0.52,14 days,0.48441975898288675
2023-07-07,TWST,0.7559268117362105,0.44,14 days,0.33260779716393263
2023-07-07,PEGA,0.5874869414345826,0.49,14 days,0.28786860130294545
2023-07-07,PINS,0.5591854590329036,0.57,14 days,0.318735711648755
2023-07-07,URI,0.5036592258339878,0.46,14 days,0.2316832438836344
2023-07-07,WIX,0.48042562774765574,0.46,14 days,0.22099578876392165
2023-07-07,BSCP,-0.008892532383385813,0.48,14 days,-0.00426841554402519
2023-07-07,AA,-0.011178006136981312,0.43,14 days,-0.004806542638901964
2023-07-07,SIX,-0.0423889954328532,0.44,14 days,-0.01865115799045541
2023-07-07,CPRI,-0.04355136121128506,0.47,14 days,-0.02046913976930398
2023-07-07,SCCO,-0.05109381039180828,0.45,14 days,-0.022992214676313724
2023-07-07,SAM,-0.05999014311913595,0.54,14 days,-0.032394677284333415
2023-07-07,MT,-0.10890962223523051,0.48,14 days,-0.05227661867291065
2023-07-07,BNS,-0.12343322113109317,0.44,14 days,-0.054310617297680996
2023-07-07,SPWR,-0.3290628388767253,0.43,14 days,-0.14149702071699188
2023-07-07,SIX,-0.07771315829356423,0.35,7 days,-0.02719960540274748
2023-07-07,SAM,-0.06205876874393374,0.42,7 days,-0.026064682872452172
2023-07-07,FCX,-0.04248526690548175,0.4,7 days,-0.016994106762192703
2023-07-07,UMC,-0.03021102590545019,0.42,7 days,-0.012688630880289079
2023-07-07,SNAP,0.29382240412258975,0.28,Today to 3 days ahead,0.08227027315432514
2023-07-07,UPST,0.28732642329304164,0.25,Today to 3 days ahead,0.07183160582326041
2023-07-07,CELH,0.2711226469737628,0.28,Today to 3 days ahead,0.0759143411526536
2023-07-07,APTV,0.18497051678731913,0.27,Today to 3 days ahead,0.04994203953257617
2023-07-07,PARA,0.18216512037712085,0.24,Today to 3 days ahead,0.043719628890509
2023-07-07,ZIM,0.174566494919143,0.28,Today to 3 days ahead,0.04887861857736005
2023-07-07,MDC,-0.16441503820935985,0.24,Today to 3 days ahead,-0.039459609170246365
2023-07-07,FCX,-0.1675807750160669,0.29,Today to 3 days ahead,-0.0485984247546594
2023-07-07,MT,-0.16850167968469631,0.24,Today to 3 days ahead,-0.04044040312432711
2023-07-07,GNRC,-0.17101583817500374,0.25,Today to 3 days ahead,-0.042753959543750934
2023-07-07,Z,-0.1896841085849888,0.26,Today to 3 days ahead,-0.04931786823209709
2023-07-07,BNS,-0.19519672178870542,0.27,Today to 3 days ahead,-0.052703114882950465
2023-07-07,STNE,-0.3969382893400323,0.45,14 days,-0.17862223020301454
2023-07-07,RUN,-0.21116173397737836,0.24,Today to 3 days ahead,-0.0506788161545708
2023-07-07,FTCH,-0.286016768662961,0.26,Today to 3 days ahead,-0.07436435985236986
2023-07-07,STNE,-0.5534773330234255,0.24,Today to 3 days ahead,-0.13283455992562213
2023-07-07,CLSK,3.746833680109064,0.37,7 days,1.3863284616403535
2023-07-07,MARA,1.5273047394011399,0.37,7 days,0.5651027535784218
2023-07-07,UPST,0.6977927422831011,0.36,7 days,0.2512053872219164
2023-07-07,CELH,0.6966070929544858,0.39,7 days,0.27167676625224946
2023-07-07,SNAP,0.6536979068463817,0.4,7 days,0.2614791627385527
2023-07-07,PEGA,0.47047709417790223,0.37,7 days,0.17407652484582384
2023-07-07,TWST,0.4554943609179731,0.33,7 days,0.15031313910293112
2023-07-07,PINS,0.3734781110145962,0.43,7 days,0.16059558773627636
2023-07-07,SQ,0.32737893841975574,0.42,7 days,0.1374991541362974
2023-07-07,WIX,0.3231562518481989,0.35,7 days,0.11310468814686961
2023-07-07,SPWR,-0.2809690393485886,0.25,Today to 3 days ahead,-0.07024225983714714
2023-07-07,CLSK,2.8563824660090704,0.27,Today to 3 days ahead,0.771223265822449
2023-07-07,MARA,3.061847889889491,0.63,1 month,1.9289641706303795
2023-07-07,UPST,2.4114896240665993,0.64,1 month,1.5433533594026236
2023-07-07,PARA,-0.04752738615776697,0.7,3 months,-0.03326917031043688
2023-07-07,MT,-0.11096452076797071,0.73,3 months,-0.08100410016061861
2023-07-07,TGT,-0.13319559018891516,0.73,3 months,-0.09723278083790807
2023-07-07,UAA,-0.3188723142243614,0.74,3 months,-0.23596551252602743
2023-07-07,CNXC,-0.47805539445988476,0.76,3 months,-0.3633220997895124
2023-07-07,ZIM,-0.5307585238220627,0.73,3 months,-0.3874537223901057
2023-07-07,BILI,-1.3194749425447163,0.71,3 months,-0.9368272092067486
2023-07-07,CLSK,895.8072134700615,0.84,year,752.4780593148516
2023-07-07,HUT,600.6869095670801,0.88,year,528.6044804190304
2023-07-07,MARA,338.07375943881095,0.9,year,304.26638349492987
2023-07-07,UPST,289.4230889192742,0.9,year,260.4807800273468
2023-07-07,FIVN,234.22098261578495,0.84,year,196.74562539725935
2023-07-07,AEO,-0.04347949255026564,0.78,3 months,-0.0339140041892072
2023-07-07,SAIA,206.89858027130288,0.85,year,175.86379323060743
2023-07-07,WMS,199.02090521584452,0.85,year,169.16776943346784
2023-07-07,AZTA,195.8278825460952,0.88,year,172.32853664056378
2023-07-07,SNAP,193.209594306113,0.88,year,170.02444298937942
2023-07-07,GS,-5.202501001741866,0.87,year,-4.526175871515424
2023-07-07,TGT,-9.104268879746094,0.85,year,-7.73862854778418
2023-07-07,FPE,-9.427020829253234,0.85,year,-8.012967704865249
2023-07-07,KBWB,-14.880803547738122,0.84,year,-12.499874980100023
2023-07-07,ELAN,-24.217768644859028,0.84,year,-20.342925661681583
2023-07-07,HBI,-26.081126637038803,0.86,year,-22.429768907853372
2023-07-07,BNS,-26.215697157558054,0.84,year,-22.021185612348766
2023-07-07,UAA,-35.33241777947659,0.86,year,-30.38587929034987
2023-07-07,CNXC,-37.658906454330904,0.86,year,-32.38665955072457
2023-07-07,DOCU,203.0094584774805,0.85,year,172.55803970585842
2023-07-07,MULN,111.10235086349162,0.26,Today to 3 days ahead,28.886611224507824
2023-07-07,FPE,-0.03762248858451187,0.72,3 months,-0.027088191780848547
2023-07-07,TWST,1.321902783600245,0.7,3 months,0.9253319485201714
2023-07-07,CELH,2.341153951605558,0.6,1 month,1.4046923709633348
2023-07-07,SNAP,1.4782227928338045,0.65,1 month,0.960844815341973
2023-07-07,TWST,1.3005817709615317,0.56,1 month,0.7283257917384578
2023-07-07,GPI,0.9581662425659638,0.57,1 month,0.5461547582625993
2023-07-07,PEGA,0.8824492647274643,0.6,1 month,0.5294695588364786
2023-07-07,PINS,0.872824535686045,0.71,1 month,0.619705420337092
2023-07-07,URI,0.8575819250686819,0.59,1 month,0.5059733357905223
2023-07-07,FOUR,-0.008932433095341783,0.57,1 month,-0.005091486864344816
2023-07-07,CNXC,-0.01017139137148691,0.64,1 month,-0.006509690477751623
2023-07-07,BSCP,-0.013338798575078716,0.58,1 month,-0.007736503173545655
2023-07-07,TGT,-0.016393303407866485,0.55,1 month,-0.009016316874326568
2023-07-07,GS,-0.0745235020557967,0.55,1 month,-0.04098792613068819
2023-07-07,SONO,-0.006630070953970178,0.79,3 months,-0.005237756053636441
2023-07-07,MT,-0.07808614424412755,0.62,1 month,-0.04841340943135908
2023-07-07,BNS,-0.08611620078913476,0.57,1 month,-0.04908623444980681
2023-07-07,ZIM,-0.11450766986248587,0.62,1 month,-0.07099475531474124
2023-07-07,CPRI,-0.15605904434043813,0.57,1 month,-0.08895365527404972
2023-07-07,CLSK,9.98577432954993,0.73,3 months,7.289615260571448
2023-07-07,CELH,4.3735843051971965,0.7,3 months,3.0615090136380374
2023-07-07,MARA,4.244121700800327,0.79,3 months,3.3528561436322586
2023-07-07,UPST,3.9281626727348686,0.8,3 months,3.142530138187895
2023-07-07,SNAP,1.9747598788704286,0.78,3 months,1.5403127055189343
2023-07-07,ENTG,1.78952026749932,0.7,3 months,1.2526641872495239
2023-07-07,IBP,1.648366312104415,0.7,3 months,1.1538564184730904
2023-07-07,SAIA,1.5693114240699355,0.7,3 months,1.0985179968489547
2023-07-07,AZTA,1.4638054751967713,0.76,3 months,1.1124921611495462
2023-07-07,UAA,-0.08332341879229545,0.61,1 month,-0.050827285463300224
2023-07-07,CLSK,6.539612487968137,0.58,1 month,3.792975243021519
2023-07-09,STNE,-0.3299230671538074,0.45,14 days,-0.14846538021921335
2023-07-09,FCX,0.10617703430030341,0.76,3 months,0.0806945460682306
2023-07-09,GBX,1.3152038293538555,0.71,3 months,0.9337947188412373
2023-07-09,BOOT,1.318601680204034,0.73,3 months,0.9625792265489447
2023-07-09,AN,1.435989750447103,0.71,3 months,1.0195527228174432
2023-07-09,UPST,3.084562541452085,0.8,3 months,2.467650033161668
2023-07-09,CELH,4.547554818165975,0.7,3 months,3.183288372716182
2023-07-09,MARA,6.476298060189209,0.79,3 months,5.1162754675494755
2023-07-09,CLSK,18.993764635268338,0.73,3 months,13.865448183745887
2023-07-09,CPRI,-0.1812793458157374,0.58,1 month,-0.10514202057312769
2023-07-09,ZIM,-0.06210131729229795,0.61,1 month,-0.03788180354830175
2023-07-09,TGT,-0.05318282297128875,0.55,1 month,-0.029250552634208813
2023-07-09,GS,-0.047069080211028125,0.55,1 month,-0.02588799411606547
2023-07-09,UAA,-0.023132070454153497,0.61,1 month,-0.014110562977033633
2023-07-09,ABG,1.2687488177231836,0.73,3 months,0.926186636937924
2023-07-09,IEUR,-0.012639120989731958,0.58,1 month,-0.007330690174044535
2023-07-09,DIS,,0.61,1 month,
2023-07-09,SIX,0.0394217423587117,0.56,1 month,0.022076175720878555
2023-07-09,ANGL,0.042451045318414746,0.64,1 month,0.027168669003785437
2023-07-09,PEGA,0.7817301779324715,0.6,1 month,0.4690381067594829
2023-07-09,NXPI,0.7838416758018248,0.61,1 month,0.47814342223911316
2023-07-09,ABG,0.835002422931775,0.58,1 month,0.4843014053004294
2023-07-09,GNRC,0.8615000239772734,0.56,1 month,0.48244001342727316
2023-07-09,MAT,0.8874177130991279,0.55,1 month,0.4880797422045204
2023-07-09,BOOT,0.9444713169683372,0.57,1 month,0.5383486506719521
2023-07-09,UPST,1.8670562686071486,0.64,1 month,1.194916011908575
2023-07-09,CELH,2.43448725727527,0.6,1 month,1.4606923543651618
2023-07-09,MARA,8725274.62150281,0.62,1 month,5409670.265331741
2023-07-09,BSCP,-0.006186799489927828,0.58,1 month,-0.00358834370415814
2023-07-09,CLSK,17575273.1347038,0.58,1 month,10193658.418128204
2023-07-09,GNRC,1.2288267213172772,0.72,3 months,0.8847552393484396
2023-07-09,IEUR,0.09568385187266557,0.71,3 months,0.06793553482959255
2023-07-09,FITB,-35.353418586434266,0.84,year,-29.69687161260478
2023-07-09,TGT,-20.799193239051846,0.85,year,-17.679314253194068
2023-07-09,KBWB,-12.462009884906026,0.84,year,-10.46808830332106
2023-07-09,GS,-2.2417453830959486,0.87,year,-1.9503184832934752
2023-07-09,DIS,3.440301026607876,0.88,year,3.027464903414931
2023-07-09,CM,5.584658961590679,0.86,year,4.802806706967984
2023-07-09,AEO,7.705434295782014,0.86,year,6.6266734943725325
2023-07-09,ERIC,8.572921251766841,0.86,year,7.372712276519484
2023-07-09,WMS,144.5033324595655,0.86,year,124.27286591522633
2023-07-09,AZTA,149.42259474663462,0.88,year,131.49188337703848
2023-07-09,DOCU,155.89659400527515,0.85,year,132.51210490448386
2023-07-09,IDXX,156.2632373493602,0.87,year,135.94901649394336
2023-07-09,SHAK,1.2183028599854944,0.71,3 months,0.864995030589701
2023-07-09,POOL,159.79413248707047,0.85,year,135.8250126140099
2023-07-09,AN,169.22052932940812,0.85,year,143.8374499299969
2023-07-09,UPST,236.28648903937506,0.91,year,215.02070502583132
2023-07-09,MARA,558.7078618643451,0.9,year,502.8370756779106
2023-07-09,CLSK,1705.151780664506,0.84,year,1432.327495758185
2023-07-09,ZIM,-0.594102602096317,0.73,3 months,-0.43369489953031143
2023-07-09,UAA,-0.29181996572932095,0.74,3 months,-0.2159467746396975
2023-07-09,TGT,-0.19636734635552763,0.73,3 months,-0.14334816283953516
2023-07-09,AEO,-0.0587704385682741,0.78,3 months,-0.0458409420832538
2023-07-09,DIS,-0.038835360568083004,0.78,3 months,-0.030291581243104743
2023-07-09,SIG,0.06213505849830253,0.74,3 months,0.04597994328874387
2023-07-09,FTCS,0.06822074915348732,0.7,3 months,0.04775452440744112
2023-07-09,ANGL,0.07704078594823416,0.77,3 months,0.059321405180140306
2023-07-09,ABG,164.50894437175336,0.84,year,138.1875132722728
2023-07-09,UAA,-35.593526336535476,0.86,year,-30.61043264942051
2023-07-09,FL,-0.1735312730320132,0.43,14 days,-0.07461844740376568
2023-07-09,BFH,0.36343837685788405,0.35,7 days,0.1272034319002594
2023-07-09,UPST,0.5295592329982574,0.36,7 days,0.19064132387937263
2023-07-09,FUTU,0.5987498875891377,0.37,7 days,0.22153745840798095
2023-07-09,DISH,0.7204489318504794,0.34,7 days,0.24495263682916302
2023-07-09,CELH,0.7341166154979977,0.39,7 days,0.2863054800442191
2023-07-09,MARA,2.2574131389394907,0.37,7 days,0.8352428614076115
2023-07-09,CLSK,8.239304293837863,0.37,7 days,3.0485425887200095
2023-07-09,STNE,-0.47208503917943184,0.24,Today to 3 days ahead,-0.11330040940306364
2023-07-09,SIX,-0.2011748115528965,0.26,Today to 3 days ahead,-0.05230545100375309
2023-07-09,Z,-0.15964198381586225,0.26,Today to 3 days ahead,-0.041506915792124184
2023-07-09,CX,-0.14435171722476964,0.29,Today to 3 days ahead,-0.04186199799518319
2023-07-09,ALGN,-0.12229819870059636,0.3,Today to 3 days ahead,-0.03668945961017891
2023-07-09,NLY,-0.11037555407946079,0.24,Today to 3 days ahead,-0.026490132979070588
2023-07-09,BOOT,0.40904919713769533,0.34,7 days,0.13907672702681642
2023-07-09,FL,-0.09784210075209258,0.24,Today to 3 days ahead,-0.02348210418050222
2023-07-09,FCX,-0.07538656537480055,0.3,Today to 3 days ahead,-0.022615969612440164
2023-07-09,IEUR,-0.06108908478370447,0.25,Today to 3 days ahead,-0.015272271195926118
2023-07-09,TGTX,0.2441299552862319,0.24,Today to 3 days ahead,0.05859118926869566
2023-07-09,SMG,0.25531501994562267,0.24,Today to 3 days ahead,0.06127560478694944
2023-07-09,CELH,0.2956307451600045,0.28,Today to 3 days ahead,0.08277660864480127
2023-07-09,PEGA,0.297345221054069,0.26,Today to 3 days ahead,0.07730975747405795
2023-07-09,FUTU,0.44551531920139625,0.27,Today to 3 days ahead,0.12028913618437699
2023-07-09,DISH,0.5723812065928657,0.25,Today to 3 days ahead,0.14309530164821643
2023-07-09,MP,0.6777749787226427,0.24,Today to 3 days ahead,0.16266599489343425
2023-07-09,MARA,1.1940889622134194,0.27,Today to 3 days ahead,0.3224040197976233
2023-07-09,CLSK,6.456530850141952,0.27,Today to 3 days ahead,1.7432633295383273
2023-07-09,MULN,25.14499792739233,0.25,Today to 3 days ahead,6.286249481848082
2023-07-09,EVR,-0.09300300757516311,0.26,Today to 3 days ahead,-0.02418078196954241
2023-07-09,PEGA,0.40525276095272295,0.37,7 days,0.14994352155250748
2023-07-09,GME,-86.1129294215234,0.84,year,-72.33486071407965
2023-07-09,ABG,0.3443978865010434,0.33,7 days,0.11365130254534433
2023-07-09,GS,-0.056034619298843014,0.42,14 days,-0.023534540105514066
2023-07-09,IEUR,-0.03791736296919588,0.45,14 days,-0.017062813336138145
2023-07-09,CPRI,-0.03319199289583924,0.47,14 days,-0.015600236661044441
2023-07-09,BSCP,-0.003093399744963914,0.48,14 days,-0.0014848318775826787
2023-07-09,ANGL,0.014150348439471576,0.51,14 days,0.007216677704130503
2023-07-09,DIS,0.017379777416473088,0.47,14 days,0.00816849538574235
2023-07-09,JHG,0.020577623170878398,0.44,14 days,0.009054154195186495
2023-07-09,GNRC,0.4651043074233135,0.44,14 days,0.20464589526625793
2023-07-09,ABG,0.4971026097609399,0.44,14 days,0.21872514829481354
2023-07-09,BFH,0.507484075002777,0.46,14 days,0.23344267450127745
2023-07-09,PEGA,0.5107623555202959,0.49,14 days,0.250273554204945
2023-07-09,BOOT,0.5902945731052106,0.44,14 days,0.25972961216629264
2023-07-09,FUTU,0.6753671717830085,0.46,14 days,0.31066889902018396
2023-07-09,UPST,0.8959310286375349,0.49,14 days,0.4390062040323921
2023-07-09,CELH,1.226173157777737,0.49,14 days,0.6008248473110911
2023-07-09,MARA,3.0695312803872343,0.48,14 days,1.4733750145858724
2023-07-09,CLSK,9.655886435585424,0.46,14 days,4.441707760369296
2023-07-09,STNE,-0.45330892966661335,0.34,7 days,-0.15412503608664854
2023-07-09,SIX,-0.17763307828606817,0.35,7 days,-0.062171577400123856
2023-07-09,FL,-0.09599602337941159,0.33,7 days,-0.03167868771520582
2023-07-09,NTLA,-0.06001161127194686,0.32,7 days,-0.019203715607022994
2023-07-09,GS,-0.056034619298843014,0.32,7 days,-0.017931078175629764
2023-07-09,IEUR,-0.04213040329910653,0.34,7 days,-0.01432433712169622
2023-07-09,CPRI,-0.01787261155929805,0.37,7 days,-0.006612866276940278
2023-07-09,NTRA,-0.007576251240260399,0.33,7 days,-0.002500162909285932
2023-07-09,JHG,-0.0049200283017886565,0.34,7 days,-0.0016728096226081434
2023-07-09,BSCP,,0.38,7 days,
2023-07-09,SIX,-0.1284094541826999,0.44,14 days,-0.056500159840387955
2023-07-10,CCL,1.184932368533748,0.27,Today to 3 days ahead,0.319931739504112
2023-07-10,DAL,0.45892637427431743,0.27,Today to 3 days ahead,0.12391012105406571
2023-07-10,WAT,-9.565517441842891,0.81,year,-7.748069127892742
2023-07-10,MRO,0.01289540394486845,0.34,7 days,0.004384437341255274
2023-07-10,CFG,0.00514472478171553,0.34,7 days,0.0017492064257832803
2023-07-10,JCI,-0.01280349764285612,0.36,7 days,-0.0046092591514282025
2023-07-10,F,-0.0350774547852848,0.34,7 days,-0.011926334626996833
2023-07-10,COF,-0.053135724025422285,0.35,7 days,-0.0185975034088978
2023-07-10,SNA,-0.08486834311707711,0.35,7 days,-0.029703920090976988
2023-07-10,SYF,-0.2143195767845159,0.39,7 days,-0.0835846349459612
2023-07-10,MHK,-0.2738784794604834,0.36,7 days,-0.09859625260577401
2023-07-10,CZR,0.8039990613476914,0.46,14 days,0.3698395682199381
2023-07-10,IRM,0.6406417155009416,0.43,14 days,0.2754759376654049
2023-07-10,FCX,0.5977567618855008,0.48,14 days,0.28692324570504035
2023-07-10,FDX,0.551229107711671,0.43,14 days,0.2370285163160185
2023-07-10,IP,-10.13451017327524,0.78,year,-7.904917935154687
2023-07-10,HPQ,0.48936917104213706,0.43,14 days,0.21042874354811894
2023-07-10,RJF,0.4410190021708369,0.45,14 days,0.19845855097687662
2023-07-10,DFS,0.3846829266557741,0.43,14 days,0.16541365846198286
2023-07-10,DAL,0.367815991146328,0.43,14 days,0.15816087619292105
2023-07-10,DXC,0.3616535986641579,0.43,14 days,0.1555110474255879
2023-07-10,CMA,0.13130975701469516,0.47,14 days,0.061715585796906725
2023-07-10,TPR,0.1107399653085266,0.46,14 days,0.05094038404192224
2023-07-10,JCI,0.026669321520431378,0.44,14 days,0.011734501468989807
2023-07-10,NWSA,-0.004127966694401039,0.44,14 days,-0.0018163053455364571
2023-07-10,GPS,-0.020258455269953388,0.53,14 days,-0.010736981293075296
2023-07-10,L,-0.0610483722159563,0.45,14 days,-0.027471767497180336
2023-07-10,PVH,-0.11098204789212825,0.44,14 days,-0.04883210107253643
2023-07-10,WRK,-0.20716048407633164,0.44,14 days,-0.09115061299358593
2023-07-10,DE,0.4641118932723861,0.46,14 days,0.21349147090529763
2023-07-10,SYF,-0.2143195767845159,0.47,14 days,-0.10073020108872247
2023-07-10,NWSA,0.045813508527337406,0.36,7 days,0.016492863069841466
2023-07-10,RJF,0.3051236119670325,0.35,7 days,0.10679326418846138
2023-07-10,CZR,0.325428191497875,0.26,Today to 3 days ahead,0.0846113297894475
2023-07-10,SBNY,0.31772000545577617,0.27,Today to 3 days ahead,0.08578440147305957
2023-07-10,FCX,0.3146088220450004,0.28,Today to 3 days ahead,0.08809047017260012
2023-07-10,GPS,0.2646626156065565,0.33,Today to 3 days ahead,0.08733866315016366
2023-07-10,MPC,0.2276840017537606,0.26,Today to 3 days ahead,0.05919784045597776
2023-07-10,SPG,0.2227167079448493,0.27,Today to 3 days ahead,0.060133511145109314
2023-07-10,DFS,0.210659697930543,0.26,Today to 3 days ahead,0.05477152146194118
2023-07-10,IVZ,0.18176272424619894,0.33,Today to 3 days ahead,0.05998169900124565
2023-07-10,PVH,0.07069937754049248,0.26,Today to 3 days ahead,0.018381838160528043
2023-07-10,TEL,0.027064205920192257,0.26,Today to 3 days ahead,0.007036693539249987
2023-07-10,WFC,0.025184634858732576,0.29,Today to 3 days ahead,0.007303544109032447
2023-07-10,EMR,0.018503331937164955,0.26,Today to 3 days ahead,0.004810866303662889
2023-07-10,IVZ,0.24858725521906613,0.43,7 days,0.10689251974419843
2023-07-10,CFG,0.002572362390857765,0.26,Today to 3 days ahead,0.0006688142216230189
2023-07-10,JCI,-0.02816769481428346,0.28,Today to 3 days ahead,-0.00788695454799937
2023-07-10,VIAC,-0.03350047379286137,0.27,Today to 3 days ahead,-0.00904512792407257
2023-07-10,COF,-0.03542381601694818,0.26,Today to 3 days ahead,-0.009210192164406527
2023-07-10,SYF,-0.2472918193667491,0.29,Today to 3 days ahead,-0.07171462761635723
2023-07-10,CCL,1.0522199432579684,0.35,7 days,0.3682769801402889
2023-07-10,CZR,0.604062786832657,0.36,7 days,0.21746260325975653
2023-07-10,FCX,0.46292440958050063,0.37,7 days,0.17128203154478522
2023-07-10,DAL,0.43530516383372764,0.36,7 days,0.15670985898014195
2023-07-10,DXC,0.3400162038722852,0.34,7 days,0.11560550931657698
2023-07-10,DFS,0.33583430104869166,0.35,7 days,0.11754200536704207
2023-07-10,MOS,0.3241843600590606,0.34,7 days,0.11022268242008061
2023-07-10,DE,0.31358911707593656,0.34,7 days,0.10662029980581844
2023-07-10,TPR,-0.012371321038535544,0.27,Today to 3 days ahead,-0.003340256680404597
2023-07-10,MHK,-0.34234809932560434,0.46,14 days,-0.157480125689778
2023-07-10,TPR,0.02768499132713165,0.36,7 days,0.009966596877767395
2023-07-10,FCX,0.9168599956740012,0.61,1 month,0.5592845973611408
2023-07-10,L,0.03087909829451142,0.71,3 months,0.021924159789103108
2023-07-10,SNA,-0.02064365102847822,0.68,3 months,-0.01403768269936519
2023-07-10,PVH,-0.029947536732796508,0.72,3 months,-0.021562226447613485
2023-07-10,NWSA,-0.19814240133124986,0.69,3 months,-0.1367182569185624
2023-07-10,IP,-0.4172344308684661,0.73,3 months,-0.3045811345339803
2023-07-10,WRK,-0.588335774776782,0.75,3 months,-0.4412518310825865
2023-07-10,GPS,-0.6887874791784153,0.7,3 months,-0.4821512354248907
2023-07-10,MHK,-0.9627243520429115,0.73,3 months,-0.7027887769913254
2023-07-10,SBNY,311.5860784332859,0.78,year,243.03714117796298
2023-07-10,PWR,283.1785671464652,0.79,year,223.7110680457075
2023-07-10,FRC,221.51112371425305,0.78,year,172.77867649711737
2023-07-10,RHI,206.90430492533358,0.78,year,161.3853578417602
2023-07-10,SIVB,0.161082380059704,0.71,3 months,0.11436848984238983
2023-07-10,BAC,205.64543740874842,0.79,year,162.45989555291126
2023-07-10,DVN,161.28618246950325,0.78,year,125.80322232621253
2023-07-10,F,160.48820608882866,0.77,year,123.57591868839808
2023-07-10,WFC,138.80357227581453,0.77,year,106.87875065237719
2023-07-10,LH,72.15955876429118,0.77,year,55.56286024850421
2023-07-10,COF,63.62668193416325,0.77,year,48.99254508930571
2023-07-10,HPQ,55.50492502578818,0.79,year,43.84889077037266
2023-07-10,ALB,30.568511741525025,0.77,year,23.53775404097427
2023-07-10,FOX,22.981882183222247,0.79,year,18.155686924745577
2023-07-10,SYF,17.229690252916537,0.77,year,13.266861494745735
2023-07-10,AOS,16.475207792673864,0.78,year,12.850662078285614
2023-07-10,PBCT,16.346990721212077,0.79,year,12.91412266975754
2023-07-10,CZR,1.3038397476352772,0.57,1 month,0.7431886561521079
2023-07-10,MS,166.1506791757789,0.84,year,139.56657050765426
2023-07-10,NLSN,0.17314821637394975,0.68,3 months,0.11774078713428585
2023-07-10,RJF,254.71494181664272,0.78,year,198.67765461698133
2023-07-10,WFC,0.8516985606771378,0.76,3 months,0.6472909061146247
2023-07-10,HPQ,0.9083915237469671,0.55,1 month,0.4996153380608319
2023-07-10,MOS,0.7580926573688802,0.7,3 months,0.5306648601582161
2023-07-10,RJF,0.8435770448500308,0.57,1 month,0.4808389155645175
2023-07-10,DE,0.8128229914608275,0.61,1 month,0.49582202479110477
2023-07-10,FDX,0.7328841545711989,0.55,1 month,0.40308628501415944
2023-07-10,MOS,0.4114647646903461,0.57,1 month,0.23453491587349726
2023-07-10,IVZ,0.3982742045982888,0.63,1 month,0.25091274889692194
2023-07-10,WFC,0.3915065964402973,0.65,1 month,0.25447928768619327
2023-07-10,NUE,0.13761578722318404,0.56,1 month,0.07706484084498307
2023-07-10,JCI,0.1374495801437617,0.55,1 month,0.07559726907906895
2023-07-10,L,-0.047776986951618,0.58,1 month,-0.02771065243193844
2023-07-10,NWSA,-0.10319916736002598,0.55,1 month,-0.05675954204801429
2023-07-10,PVH,-0.16383064212647502,0.57,1 month,-0.09338346601209076
2023-07-10,IP,-0.23340341924820132,0.56,1 month,-0.13070591477899277
2023-07-10,IRM,0.845036929494099,0.55,1 month,0.4647703112217545
2023-07-10,GPS,-0.36262634933216564,0.62,1 month,-0.2248283365859427
2023-07-10,SIVB,-0.2415216162600809,0.56,1 month,-0.1352521051056453
2023-07-10,NTAP,0.8534350250449916,0.7,3 months,0.597404517531494
2023-07-10,TPR,0.8959869920417154,0.71,3 months,0.6361507643496179
2023-07-10,DE,1.0586768592483615,0.73,3 months,0.7728341072513039
2023-07-10,HPQ,1.1408418799919824,0.71,3 months,0.8099977347943075
2023-07-10,DVN,1.1089018032979283,0.7,3 months,0.7762312623085498
2023-07-10,FCX,1.4202341109460015,0.73,3 months,1.036770900990581
2023-07-10,RJF,1.7204869212594858,0.7,3 months,1.20434084488164
2023-07-10,MHK,-0.5498317958865766,0.58,1 month,-0.3189024416142144
2023-07-10,WRK,-0.3791036858596869,0.6,1 month,-0.22746221151581214
2023-07-10,RHI,1.2147760013392885,0.68,3 months,0.8260476809107162
2023-07-11,SSTK,-0.0887723501768029,0.58,1 month,-0.051487963102545685
2023-07-11,ISTB,-0.009831281545286383,0.57,1 month,-0.005603830480813238
2023-07-11,ZIM,-0.08830713548091473,0.62,1 month,-0.05475042399816713
2023-07-11,BSCP,-0.004812975040746877,0.58,1 month,-0.0027915255236331885
2023-07-11,UPST,6.559410606820446,0.8,3 months,5.247528485456357
2023-07-11,SNAP,1.7432020274091091,0.79,3 months,1.3771296016531962
2023-07-11,GBX,2.6053066934067473,0.71,3 months,1.8497677523187905
2023-07-11,ENTG,2.0072789923933176,0.71,3 months,1.4251680845992554
2023-07-11,ALGT,1.8661207029796267,0.73,3 months,1.3622681131751275
2023-07-11,CPRI,0.009129780972322678,0.57,1 month,0.005203975154223926
2023-07-11,OC,1.5160834333994806,0.72,3 months,1.091580072047626
2023-07-11,CLSK,4.749697835746439,0.73,3 months,3.4672794200949
2023-07-11,SIG,0.06578437981098229,0.63,1 month,0.04144415928091884
2023-07-11,CZR,1.0007729672144572,0.59,1 month,0.5904560506565297
2023-07-11,ANGL,0.0863948010455091,0.63,1 month,0.054428724658670734
2023-07-11,FNDF,0.11587126327911637,0.59,1 month,0.06836404533467866
2023-07-11,PNC,0.1303933467745365,0.58,1 month,0.07562814112923118
2023-07-11,OC,0.9200164424902834,0.57,1 month,0.5244093722194615
2023-07-11,LAD,1.0263443422189225,0.62,1 month,0.6363334921757319
2023-07-11,URI,1.1363066258076704,0.59,1 month,0.6704209092265255
2023-07-11,ALGT,1.264626216711706,0.6,1 month,0.7587757300270236
2023-07-11,SNAP,1.3277841723249786,0.65,1 month,0.8630597120112361
2023-07-11,CELH,1.7481673650788896,0.6,1 month,1.0489004190473337
2023-07-11,CLSK,2.900146625535244,0.58,1 month,1.6820850428104415
2023-07-11,OSTK,3.271866588697168,0.58,1 month,1.8976826214443574
2023-07-11,BOOT,1.465521706359414,0.72,3 months,1.055175628578778
2023-07-11,DIS,0.07060090097210985,0.61,1 month,0.043066549592987
2023-07-11,CZR,1.4294257241507191,0.76,3 months,1.0863635503545466
2023-07-11,HBI,-11.74308196539057,0.86,year,-10.09905049023589
2023-07-11,SONO,0.05411121573429579,0.8,3 months,0.043288972587436636
2023-07-11,UPST,4.187836987048601,0.64,1 month,2.6802156717111045
2023-07-11,FPE,-10.109393415887908,0.85,year,-8.59298440350472
2023-07-11,CNXC,-7.025503597686432,0.87,year,-6.112188129987196
2023-07-11,MMM,-5.742161461540453,0.86,year,-4.93825885692479
2023-07-11,SCHP,-0.8114610324427135,0.86,year,-0.6978564879007336
2023-07-11,MORN,8.694975356135213,0.86,year,7.477678806276283
2023-07-11,TNL,11.316944000434972,0.86,year,9.732571840374076
2023-07-11,DIS,11.979490511400138,0.88,year,10.541951650032122
2023-07-11,SE,202.25054554957455,0.86,year,173.9354691726341
2023-07-11,FOXF,204.0981701405808,0.85,year,173.48344461949367
2023-07-11,APG,207.2253557789215,0.85,year,176.14155241208329
2023-07-11,SAIA,207.64695785549395,0.85,year,176.49991417716984
2023-07-11,ALGT,218.2611605822454,0.86,year,187.70459810073103
2023-07-11,DOCU,250.13442651344025,0.85,year,212.6142625364242
2023-07-11,ENTG,253.98850663006678,0.86,year,218.43011570185743
2023-07-11,COIN,448.96520150792355,0.84,year,377.13076926665576
2023-07-11,CLSK,495.1079625887596,0.84,year,415.89068857455806
2023-07-11,UPST,600.1490643083137,0.9,year,540.1341578774823
2023-07-11,ZIM,-0.42949379529353976,0.74,3 months,-0.3178254085172194
2023-07-11,SSTK,-0.34793034020908226,0.76,3 months,-0.26442705855890253
2023-07-11,VFC,-0.19416050643580482,0.71,3 months,-0.13785395956942142
2023-07-11,CNXC,-0.1481851444126024,0.77,3 months,-0.11410256119770384
2023-07-11,SIG,-0.041238740599744056,0.74,3 months,-0.0305166680438106
2023-07-11,GPS,-0.025046068530303663,0.75,3 months,-0.018784551397727747
2023-07-11,FPE,-0.01640245869295283,0.72,3 months,-0.011809770258926036
2023-07-11,PTON,0.012803684139895383,0.73,3 months,0.00934668942212363
2023-07-11,DIS,0.03158461359278598,0.78,3 months,0.024635998602373064
2023-07-11,TREX,1.422060798262324,0.71,3 months,1.00966316676625
2023-07-11,ISTB,-0.009831281545286383,0.44,14 days,-0.004325763879926009
2023-07-11,PNC,-26.21682241532712,0.85,year,-22.28429905302805
2023-07-11,SPWR,0.037473849238174074,0.44,14 days,0.016488493664796593
2023-07-11,HBI,0.6009196982831503,0.33,7 days,0.1983035004334396
2023-07-11,FOXF,0.6091108689510848,0.35,7 days,0.21318880413287966
2023-07-11,SNAP,0.6503036516503915,0.4,7 days,0.2601214606601566
2023-07-11,CLSK,1.47209177955585,0.37,7 days,0.5446739584356645
2023-07-11,UPST,1.4757139859123642,0.36,7 days,0.5312570349284511
2023-07-11,OSTK,2.0021870169639384,0.41,7 days,0.8208966769552147
2023-07-11,WK,-0.04206632105222508,0.26,Today to 3 days ahead,-0.010937243473578521
2023-07-11,SNX,-0.029231034962443395,0.26,Today to 3 days ahead,-0.007600069090235283
2023-07-11,ISTB,-0.009831281545286383,0.25,Today to 3 days ahead,-0.0024578203863215957
2023-07-11,USIG,-0.0049572233565460515,0.24,Today to 3 days ahead,-0.0011897336055710524
2023-07-11,BSCP,0.0016043355714265698,0.28,Today to 3 days ahead,0.0004492139599994396
2023-07-11,DKS,0.013658886607019197,0.24,Today to 3 days ahead,0.0032781327856846072
2023-07-11,SHOP,0.5801875667512529,0.34,7 days,0.19726377269542603
2023-07-11,ANGL,0.015551064188191637,0.28,Today to 3 days ahead,0.004354297972693659
2023-07-11,UMC,0.01858783187494927,0.3,Today to 3 days ahead,0.0055763495624847805
2023-07-11,FPE,0.02667641937420674,0.27,Today to 3 days ahead,0.00720263323103582
2023-07-11,URI,0.2976520010965225,0.25,Today to 3 days ahead,0.07441300027413063
2023-07-11,SHOP,0.30654686362678135,0.24,Today to 3 days ahead,0.07357124727042752
2023-07-11,FUL,0.3085182432287658,0.24,Today to 3 days ahead,0.0740443783749038
2023-07-11,FOXF,0.3333647323313369,0.26,Today to 3 days ahead,0.0866748304061476
2023-07-11,SNAP,0.3494168874539416,0.28,Today to 3 days ahead,0.09783672848710366
2023-07-11,PTON,0.4814185236600664,0.26,Today to 3 days ahead,0.12516881615161726
2023-07-11,UPST,0.8989276463042052,0.25,Today to 3 days ahead,0.2247319115760513
2023-07-11,CLSK,1.0820503678786593,0.27,Today to 3 days ahead,0.292153599327238
2023-07-11,OSTK,1.0887071440879952,0.32,Today to 3 days ahead,0.34838628610815847
2023-07-11,WKHS,1.659878758753614,0.25,Today to 3 days ahead,0.4149696896884035
2023-07-11,ST,0.016518893581761635,0.24,Today to 3 days ahead,0.0039645344596227925
2023-07-11,URI,0.5651365696494786,0.35,7 days,0.19779779937731748
2023-07-11,ALGT,0.5377318198790954,0.39,7 days,0.2097154097528472
2023-07-11,CELH,0.5321204136848905,0.39,7 days,0.2075269613371073
2023-07-11,ANGL,0.05356477664821565,0.5,14 days,0.026782388324107825
2023-07-11,SNX,0.059171509464792306,0.48,14 days,0.028402324543100307
2023-07-11,NUS,0.06235900794796906,0.44,14 days,0.027437963497106387
2023-07-11,FNDF,0.06364759532233152,0.46,14 days,0.029277893848272504
2023-07-11,SSTK,0.08089357951657411,0.45,14 days,0.03640211078245835
2023-07-11,DIS,0.08546424854518558,0.47,14 days,0.04016819681623722
2023-07-11,BNS,0.08879638977629613,0.44,14 days,0.0390704115015703
2023-07-11,CZR,0.622858699874732,0.46,14 days,0.2865150019423767
2023-07-11,LAD,0.6511843837942028,0.51,14 days,0.33210403573504343
2023-07-11,HBI,0.7099473228661691,0.44,14 days,0.31237682206111445
2023-07-11,ALGT,0.7672774188788668,0.49,14 days,0.3759659352506447
2023-07-11,URI,0.7722862731153017,0.46,14 days,0.3552516856330388
2023-07-11,SNAP,0.879365833425753,0.52,14 days,0.4572702333813916
2023-07-11,CELH,0.8900632745419942,0.49,14 days,0.4361310045255771
2023-07-11,CLSK,1.8621331912330412,0.46,14 days,0.856581267967199
2023-07-11,UPST,2.20896896020146,0.49,14 days,1.0823947904987155
2023-07-11,OSTK,2.510633361300548,0.49,14 days,1.2302103470372685
2023-07-11,ISTB,-0.009831281545286383,0.34,7 days,-0.0033426357253973703
2023-07-11,BSCP,-0.0016043250135822924,0.37,7 days,-0.0005936002550254481
2023-07-11,SNX,0.009861918244132056,0.37,7 days,0.0036489097503288603
2023-07-11,UMC,0.027881747812423904,0.41,7 days,0.0114315166030938
2023-07-11,FPE,0.03452242507250285,0.34,7 days,0.01173762452465097
2023-07-11,WK,0.035182028835581323,0.37,7 days,0.01301735066916509
2023-07-11,ANGL,0.03801371246002401,0.38,7 days,0.014445210734809123
2023-07-11,SPWR,0.04059667000802191,0.35,7 days,0.014208834502807667
2023-07-11,FNDF,0.05059167833313532,0.35,7 days,0.01770708741659736
2023-07-11,SIX,0.051685200098988214,0.35,7 days,0.018089820034645872
2023-07-11,BSCP,-0.0032086500271645848,0.47,14 days,-0.0015080655127673547
2023-07-11,SSTK,-29.053776405987147,0.88,year,-25.56732323726869
